cropped_37_352351_55_841216_JdQ5sn7Vif_ZAh4q8BF_LA_2016-10.jpg,cropped_37_349765_55_816639_4MJ4PskKNU5EDfCs2dSCiw_2019-05.jpg,Top,2025-04-03 22:05:09.685381
cropped_37_350584_55_840310_i7ixWXcwQwWNQbn24VgZdg_2019-05.jpg,cropped_37_352351_55_841216_JdQ5sn7Vif_ZAh4q8BF_LA_2016-10.jpg,Bottom,2025-04-03 22:05:12.829893
cropped_37_350584_55_840310_9Xdl17RGsqIg8ICUE8Y6nQ_2017-06.jpg,cropped_37_350584_55_840310_WjZv3yqNaAPTjhj5bhJ_BA_2014-10.jpg,Bottom,2025-04-03 22:05:15.731248
cropped_37_352351_55_841216_ZNk-V8khDEQsNv72zvnD2g_2019-05.jpg,cropped_37_350584_55_840310_DLtIGpXNSgp-aYqj05YIbA_2015-06.jpg,Bottom,2025-04-03 22:05:16.971546
cropped_37_349974_55_611540_6HPOqa7e16nsZITFPBsXnw_2012-09.jpg,cropped_37_352351_55_841216_yueosYUtYHyY37xaxwyfuw_2015-06.jpg,Bottom,2025-04-03 22:05:17.443293
cropped_37_350584_55_840310_i7ixWXcwQwWNQbn24VgZdg_2019-05.jpg,cropped_37_350584_55_840310_yWhg8uIPe3AyzoJLrPwOJA_2012-08.jpg,Bottom,2025-04-03 22:05:17.864853
cropped_37_349765_55_816639_4MJ4PskKNU5EDfCs2dSCiw_2019-05.jpg,cropped_37_353596_55_817473_7N4cQAw_o-oyaRMvXvmLsw_2012-09.jpg,Bottom,2025-04-03 22:05:18.110221
cropped_37_353418_55_655201_zxjtS1_CxMOsggA8KCGOAQ_2017-06.jpg,cropped_37_349974_55_611540_6HPOqa7e16nsZITFPBsXnw_2012-09.jpg,Bottom,2025-04-03 22:05:18.305944
cropped_37_350584_55_840310_i7ixWXcwQwWNQbn24VgZdg_2019-05.jpg,cropped_37_347452_55_813930_B6NJHVC3TTio5gANctko4g_2014-10.jpg,Bottom,2025-04-03 22:05:18.497313
cropped_37_352351_55_841216_gBMG0tXlZyYhGLeSG4OWxQ_2017-06.jpg,cropped_37_347452_55_813930_PTQHACjwyRBRoYzvmQ94yQ_2016-10.jpg,Bottom,2025-04-03 22:05:18.686415
cropped_37_352351_55_841216_b9fdCoPK_Q8gdGjyrSIM4g_2014-09.jpg,cropped_37_347452_55_813930_B6NJHVC3TTio5gANctko4g_2014-10.jpg,Bottom,2025-04-03 22:05:18.869468
cropped_37_349974_55_611540_6HPOqa7e16nsZITFPBsXnw_2012-09.jpg,cropped_37_347452_55_813930_B6NJHVC3TTio5gANctko4g_2014-10.jpg,Bottom,2025-04-03 22:05:19.053178
cropped_37_350584_55_840310_9Xdl17RGsqIg8ICUE8Y6nQ_2017-06.jpg,cropped_37_353596_55_817473_7N4cQAw_o-oyaRMvXvmLsw_2012-09.jpg,Bottom,2025-04-03 22:05:19.216328
cropped_37_349765_55_816639_4MJ4PskKNU5EDfCs2dSCiw_2019-05.jpg,cropped_37_347452_55_813930_bn-bBervebz6q5ljlAwbrg_2012-08.jpg,Bottom,2025-04-03 22:05:19.383096
cropped_37_347452_55_813930_B6NJHVC3TTio5gANctko4g_2014-10.jpg,cropped_37_349765_55_816639_4MJ4PskKNU5EDfCs2dSCiw_2019-05.jpg,Bottom,2025-04-03 22:05:19.567181
cropped_37_347452_55_813930_B6NJHVC3TTio5gANctko4g_2014-10.jpg,cropped_37_349974_55_611540_156louc05zbDKUqEZrfohg_2013-05.jpg,Bottom,2025-04-03 22:05:19.788253
cropped_37_352351_55_841216_ZNk-V8khDEQsNv72zvnD2g_2019-05.jpg,cropped_37_352351_55_841216_JdQ5sn7Vif_ZAh4q8BF_LA_2016-10.jpg,Bottom,2025-04-03 22:05:19.961777
cropped_37_353596_55_817473_7N4cQAw_o-oyaRMvXvmLsw_2012-09.jpg,cropped_37_350584_55_840310_WjZv3yqNaAPTjhj5bhJ_BA_2014-10.jpg,Bottom,2025-04-03 22:05:20.209565
cropped_37_352351_55_841216_ZNk-V8khDEQsNv72zvnD2g_2019-05.jpg,cropped_37_352351_55_841216_MVynt7a8TvQyFVmHq2r4YA_2012-09.jpg,Bottom,2025-04-03 22:05:20.390502
cropped_37_352351_55_841216_yueosYUtYHyY37xaxwyfuw_2015-06.jpg,cropped_37_353596_55_817473_7N4cQAw_o-oyaRMvXvmLsw_2012-09.jpg,Bottom,2025-04-03 22:05:20.574024
cropped_37_347452_55_813930_bn-bBervebz6q5ljlAwbrg_2012-08.jpg,cropped_37_352351_55_841216_gBMG0tXlZyYhGLeSG4OWxQ_2017-06.jpg,Bottom,2025-04-03 22:05:20.739955
cropped_37_353596_55_817473_D0D7mZsQBnR2E12x6BVp2A_2015-06.jpg,cropped_37_347452_55_813930_bn-bBervebz6q5ljlAwbrg_2012-08.jpg,Bottom,2025-04-03 22:05:21.131298
cropped_37_353596_55_817473_7N4cQAw_o-oyaRMvXvmLsw_2012-09.jpg,cropped_37_349765_55_816639_4MJ4PskKNU5EDfCs2dSCiw_2019-05.jpg,Bottom,2025-04-03 22:05:21.468442
cropped_37_347452_55_813930_PTQHACjwyRBRoYzvmQ94yQ_2016-10.jpg,cropped_37_350584_55_840310_i7ixWXcwQwWNQbn24VgZdg_2019-05.jpg,Bottom,2025-04-03 22:05:21.650721
cropped_37_350584_55_840310_0pFmhXdKokJ131AC_Xsehg_2016-10.jpg,cropped_37_347452_55_813930_BxqJoQRrvDPu5e_CfahCww_2019-05.jpg,Bottom,2025-04-03 22:05:21.848071
cropped_37_350584_55_840310_yWhg8uIPe3AyzoJLrPwOJA_2012-08.jpg,cropped_37_353596_55_817473_7N4cQAw_o-oyaRMvXvmLsw_2012-09.jpg,Bottom,2025-04-03 22:05:22.087853
cropped_37_350584_55_840310_DLtIGpXNSgp-aYqj05YIbA_2015-06.jpg,cropped_37_352351_55_841216_ZNk-V8khDEQsNv72zvnD2g_2019-05.jpg,Bottom,2025-04-03 22:05:22.307524
cropped_37_353596_55_817473_bMdAgVIw_SZDKX-xgAdQMQ_2014-10.jpg,cropped_37_352351_55_841216_ZNk-V8khDEQsNv72zvnD2g_2019-05.jpg,Bottom,2025-04-03 22:05:22.714614
cropped_37_353596_55_817473_bMdAgVIw_SZDKX-xgAdQMQ_2014-10.jpg,cropped_37_350584_55_840310_i7ixWXcwQwWNQbn24VgZdg_2019-05.jpg,Bottom,2025-04-03 22:05:23.068865
cropped_37_349765_55_816639_4MJ4PskKNU5EDfCs2dSCiw_2019-05.jpg,cropped_37_349974_55_611540_156louc05zbDKUqEZrfohg_2013-05.jpg,Bottom,2025-04-03 22:05:23.514995
cropped_37_350584_55_840310_i7ixWXcwQwWNQbn24VgZdg_2019-05.jpg,cropped_37_352351_55_841216_MVynt7a8TvQyFVmHq2r4YA_2012-09.jpg,Bottom,2025-04-03 22:05:23.925827
cropped_37_350584_55_840310_WjZv3yqNaAPTjhj5bhJ_BA_2014-10.jpg,cropped_37_352351_55_841216_ZNk-V8khDEQsNv72zvnD2g_2019-05.jpg,Bottom,2025-04-03 22:05:24.330645
cropped_37_353596_55_817473_7N4cQAw_o-oyaRMvXvmLsw_2012-09.jpg,cropped_37_350584_55_840310_0pFmhXdKokJ131AC_Xsehg_2016-10.jpg,Bottom,2025-04-03 22:05:24.614326
cropped_37_350584_55_840310_0pFmhXdKokJ131AC_Xsehg_2016-10.jpg,cropped_37_352351_55_841216_ZNk-V8khDEQsNv72zvnD2g_2019-05.jpg,Bottom,2025-04-03 22:05:24.818966
cropped_37_352351_55_841216_MVynt7a8TvQyFVmHq2r4YA_2012-09.jpg,cropped_37_350584_55_840310_9Xdl17RGsqIg8ICUE8Y6nQ_2017-06.jpg,Bottom,2025-04-03 22:05:24.994143
cropped_37_347452_55_813930_PTQHACjwyRBRoYzvmQ94yQ_2016-10.jpg,cropped_37_350584_55_840310_DLtIGpXNSgp-aYqj05YIbA_2015-06.jpg,Bottom,2025-04-03 22:05:25.168198
cropped_37_352351_55_841216_JdQ5sn7Vif_ZAh4q8BF_LA_2016-10.jpg,cropped_37_347452_55_813930_bn-bBervebz6q5ljlAwbrg_2012-08.jpg,Bottom,2025-04-03 22:05:25.344169
cropped_37_352351_55_841216_MVynt7a8TvQyFVmHq2r4YA_2012-09.jpg,cropped_37_352351_55_841216_gBMG0tXlZyYhGLeSG4OWxQ_2017-06.jpg,Bottom,2025-04-03 22:05:25.516384
cropped_37_352351_55_841216_yueosYUtYHyY37xaxwyfuw_2015-06.jpg,cropped_37_349974_55_611540_156louc05zbDKUqEZrfohg_2013-05.jpg,Bottom,2025-04-03 22:05:25.691171
cropped_37_352351_55_841216_b9fdCoPK_Q8gdGjyrSIM4g_2014-09.jpg,cropped_37_352351_55_841216_gBMG0tXlZyYhGLeSG4OWxQ_2017-06.jpg,Bottom,2025-04-03 22:05:25.856855
cropped_37_350584_55_840310_WjZv3yqNaAPTjhj5bhJ_BA_2014-10.jpg,cropped_37_352351_55_841216_b9fdCoPK_Q8gdGjyrSIM4g_2014-09.jpg,Bottom,2025-04-03 22:05:26.031851
cropped_37_347452_55_813930_72oL_ekRtpC_VBBtxcFtQQ_2015-06.jpg,cropped_37_352351_55_841216_yueosYUtYHyY37xaxwyfuw_2015-06.jpg,Bottom,2025-04-03 22:05:26.199348
cropped_37_347452_55_813930_BxqJoQRrvDPu5e_CfahCww_2019-05.jpg,cropped_37_349765_55_816639_4MJ4PskKNU5EDfCs2dSCiw_2019-05.jpg,Bottom,2025-04-03 22:05:26.373795
